{
    "avg_prec": 0.5613412285864924,
    "roc_auc": 0.9324672437189975
}